id,ident,type,name,latitude_deg,longitude_deg,elevation_ft,continent,iso_country,iso_region,municipality,scheduled_service,icao_code,iata_code,gps_code,local_code,home_link,wikipedia_link,keywords
321919,00NK,seaplane_base,Cliche Cove Seaplane Base,44.8118612,-73.3698057,96,NA,US,US-NY,Beekmantown,no,,,00NK,00NK,,,
6554,00NY,small_airport,Weiss Airfield,42.89576,-77.495263,1000,NA,US,US-NY,West Bloomfield,no,,,00NY,00NY,,,
6732,03NY,small_airport,Talmage Field,40.958308,-72.717326,95,NA,US,US-NY,Riverhead,no,,,03NY,03NY,,,
6785,04NY,small_airport,Klaverack Airport,42.262298584,-73.6961975098,250,NA,US,US-NY,Hudson,no,,,04NY,04NY,,,
6889,06N,small_airport,Randall Airport,41.431999,-74.391602,523,NA,US,US-NY,Middletown,no,,,K06N,06N,,https://en.wikipedia.org/wiki/Randall_Airport,
6895,06NY,small_airport,Murphy Field,42.836797,-76.437614,1100,NA,US,US-NY,Auburn,no,,,06NY,06NY,,,
7000,08NY,small_airport,Md1 Airport,41.368099212646484,-74.50559997558594,650,NA,US,US-NY,Middletown,no,,,08NY,08NY,,,
7042,09N,small_airport,Airhaven Airport,41.83259963989258,-73.8759994506836,450,NA,US,US-NY,Staatsburg,no,,,09N,09N,,,
7180,0G0,small_airport,North Buffalo Suburban Airport,43.103199,-78.7033,588,NA,US,US-NY,Lockport,no,,,K0G0,0G0,,https://en.wikipedia.org/wiki/North_Buffalo_Suburban_Airport,
7416,0NK0,small_airport,Berdick Field,42.33399963378906,-78.79090118408203,1690,NA,US,US-NY,Cattaraugus,no,,,0NK0,0NK0,,,
7417,0NK1,small_airport,Spring Brook Airport,43.361698150634766,-76.22019958496094,450,NA,US,US-NY,Central Square,no,,,0NK1,0NK1,,,
7418,0NK2,small_airport,Westwind Farm Airport,42.9833984375,-74.01619720458984,800,NA,US,US-NY,Charlton,no,,,0NK2,0NK2,,,
7419,0NK3,small_airport,Seven Gullies Airport,42.695653,-77.792451,600,NA,US,US-NY,Groveland,no,,,0NK3,0NK3,,,
7422,0NK6,small_airport,Cochran Airport,42.438421,-76.089272,1280,NA,US,US-NY,Marathon,no,,,NY92,NY92,,,"0NK6, Lapeer Flyer"
7429,0NY0,small_airport,Bennetts Airport,43.692973,-73.978013,1040,NA,US,US-NY,North Creek,no,,,0NY0,0NY0,,,
7430,0NY1,small_airport,Russell Field,43.139198303222656,-73.6531982421875,260,NA,US,US-NY,Northumberland,no,,,0NY1,0NY1,,,
7431,0NY3,small_airport,Kermizian Airport,43.31399917602539,-74.93209838867188,1440,NA,US,US-NY,Ohio,no,,,0NY3,0NY3,,,
7434,0NY7,small_airport,Murphys Landing Strip,43.026623,-74.177055,940,NA,US,US-NY,Amsterdam,no,,,0NY7,0NY7,,,
7435,0NY8,small_airport,Wenskoski Field,42.99729919433594,-74.24539947509766,800,NA,US,US-NY,Perth,no,,,0NY8,0NY8,,,
7731,11NK,small_airport,Hop House Airpark,42.91389846801758,-74.61170196533203,530,NA,US,US-NY,Fort Plain,no,,,11NK,11NK,,,
7785,12NK,small_airport,Westport Airport,44.15840148925781,-73.43289947509766,276,NA,US,US-NY,Westport,no,,,12NK,12NK,,,
7903,14NK,small_airport,Mountain View Airport,43.34000015258789,-73.47899627685547,243,NA,US,US-NY,Kingsbury,no,,,14NK,14NK,,,
8058,17NK,small_airport,Re-Dun Field,42.457059,-76.951053,1351,NA,US,US-NY,Rock Stream,no,,,17NK,17NK,,,
8109,18NY,small_airport,Strip in the Woods Airport,42.017362,-74.047593,500,NA,US,US-NY,Woodstock,no,,,18NY,18NY,,,
8153,19NK,small_airport,Riveredge Airpark,43.243900299072266,-76.15280151367188,378,NA,US,US-NY,Central Square,no,,,19NK,19NK,,,
8154,19NY,small_airport,Four Seasons Airport,42.40620040893555,-77.96080017089844,1650,NA,US,US-NY,Reading,no,,,19NY,19NY,,,
8172,1A1,small_airport,Green Acres Airport,42.14870071411133,-73.7509994506836,295,NA,US,US-NY,Livingston,no,,,1A1,1A1,,,
8216,1B8,small_airport,Chapin Field,43.050098,-73.366203,508,NA,US,US-NY,Cambridge,no,,,1B8,1B8,,https://en.wikipedia.org/wiki/Chapin_Field,
8217,1C3,small_airport,Argyle Airport,43.2542,-73.470901,330,NA,US,US-NY,Argyle,no,,,1C3,1C3,,https://en.wikipedia.org/wiki/Argyle_Airport_(New_York),
8260,1D5,small_airport,Luther Airport,43.029556,-75.849814,740,NA,US,US-NY,Chittenango,no,,,1D5,1D5,,,NK51
8268,1E8,small_airport,Degrasse Moores Airport,44.388266,-75.066376,814,NA,US,US-NY,Russell,no,,,K1E8,1E8,,https://en.wikipedia.org/wiki/Moores_Airport,Degrasse
8271,1F2,small_airport,Plateau Sky Ranch Airport,43.225101,-74.114899,1070,NA,US,US-NY,Edinburg,no,,,1F2,1F2,,https://en.wikipedia.org/wiki/Plateau_Sky_Ranch_Airport,
8295,1G6,small_airport,Michael Airfield,43.181702,-76.1278,400,NA,US,US-NY,Cicero,no,,,1G6,1G6,,https://en.wikipedia.org/wiki/Michael_Airfield,
8316,1H1,small_airport,Airlane Enterprises Airport,43.205101,-76.178802,385,NA,US,US-NY,Clay,no,,,K1H1,1H1,,,
8317,1H4,small_airport,Greenville-Rainbow Airport,42.419465,-74.006889,840,NA,US,US-NY,Greenville,no,,,,1H4,,,
8319,1I1,small_airport,Marcy Field,44.220901,-73.791298,985,NA,US,US-NY,Keene,no,,,1I1,1I1,,https://en.wikipedia.org/wiki/Marcy_Field,
8509,1N2,small_airport,Spadaro Airport,40.82789993286133,-72.74870300292969,50,NA,US,US-NY,East Moriches,no,,,1N2,1N2,,https://en.wikipedia.org/wiki/Spadaro_Airport,
8544,1NK0,small_airport,Roxbury Runway Airport,42.297298431396484,-74.54820251464844,1600,NA,US,US-NY,Roxbury,no,,,1NK0,1NK0,,,
8550,1NK6,small_airport,Catalano Airfield,44.423807,-73.758777,840,NA,US,US-NY,Wilmington,no,,,1NK6,1NK6,,,
8551,1NK7,small_airport,Boonville Inc Airport,43.46670150756836,-75.24960327148438,1200,NA,US,US-NY,Boonville,no,,,1NK7,1NK7,,,
8552,1NK8,small_airport,Chenango Bridge Airport,42.19169998168945,-75.84130096435547,940,NA,US,US-NY,Binghamton,no,,,1NK8,1NK8,,,
8558,1NY3,small_airport,Richland Airpark,43.5667,-76.032997,560,NA,US,US-NY,Richland,no,,,1NY3,1NY3,,,
8559,1NY4,small_airport,High Banks Farm Landing Area Airport,44.61750030517578,-73.91100311279297,1520,NA,US,US-NY,Saranac,no,,,1NY4,1NY4,,,
8804,20NY,small_airport,Stafford Airport,43.005303,-78.039572,891,NA,US,US-NY,Le Roy,no,,,20NY,20NY,,,
8848,21N,small_airport,Mattituck Airport,40.987598,-72.518997,30,NA,US,US-NY,Mattituck,no,,,21N,21N,,https://en.wikipedia.org/wiki/Mattituck_Airport,
8854,21NK,small_airport,Don Kichote-Quixote Airport,42.552799,-75.191102,1750,NA,US,US-NY,Morris,no,,,21NK,21NK,,,
8958,23N,small_airport,Bayport Aerodrome,40.75804,-73.052716,41,NA,US,US-NY,Bayport,no,,,,23N,,https://en.wikipedia.org/wiki/Bayport_Aerodrome,
8964,23NK,small_airport,Long Acre Farms Airport,43.11249923706055,-77.3125,520,NA,US,US-NY,Macedon,no,,,23NK,23NK,,,
8965,23NY,small_airport,Jolamtra Landing Area Airport,42.27980041503906,-77.33999633789062,1700,NA,US,US-NY,Bath,no,,,23NY,23NY,,,
9071,25NK,small_airport,Loucks Airport,42.43619918823242,-77.1322021484375,1425,NA,US,US-NY,Hammondsport,no,,,25NK,25NK,,,
45669,27NK,small_airport,Mohawk Air Park,43.113317,-75.044467,1079,NA,US,US-NY,Schyler,no,,,27NK,27NK,,,
45670,28NK,small_airport,Ritchie Airfield,44.186789,-76.075981,385,NA,US,US-NY,Clayton,no,,,28NK,28NK,,,
45671,28NY,small_airport,Spaudling Aerodrome,42.308333,-79.225,1607,NA,US,US-NY,Cassadaga,no,,,28NY,28NY,,,
9641,2NK3,small_airport,Rose Field,41.151686,-72.266564,20,NA,US,US-NY,Orient,no,,,2NK3,2NK3,,,
9645,2NK7,small_airport,Walton Airport,42.157901763916016,-75.14790344238281,1200,NA,US,US-NY,Walton,no,,,2NK7,2NK7,,,
9647,2NK9,small_airport,Old Orchard Airpark,41.65719985961914,-74.07720184326172,660,NA,US,US-NY,Modena,no,,,2NK9,2NK9,,,
9651,2NY0,small_airport,Catskill Valley Airpark,42.280601501464844,-73.9529037475586,190,NA,US,US-NY,South Cairo,no,,,2NY0,2NY0,,,
9656,2NY7,small_airport,Towner Farm Airport,42.121498107910156,-77.2114028930664,1248,NA,US,US-NY,Addison,no,,,2NY7,2NY7,,,
9658,2NY9,small_airport,Kayutah Lake/James & Helene D Allen Memorial Airport,42.367811,-76.724406,1385,NA,US,US-NY,Alpine,no,,,2NY9,2NY9,,,Alpine-Cayuta Regional Airport
9934,30NY,small_airport,Coye Field,42.750099182128906,-77.55809783935547,1610,NA,US,US-NY,Canadice,no,,,30NY,30NY,,,
10062,33NY,small_airport,Wayne Delp Airport,42.393243,-73.867779,800,NA,US,US-NY,West Coxsackie,no,,,33NY,33NY,,,
599684,34NY,small_airport,Horizon Air Airport,42.980774,-76.930488,490,NA,US,US-NY,Waterloo,no,,,34NY,34NY,,,
350298,35NK,small_airport,Tiger Paw Aerodrome,43.367099,-78.414026,295,NA,US,US-NY,Lyndonville,no,,,35NK,35NK,,,
10294,38NY,small_airport,Greenlawn Farm Airport,42.54869842529297,-76.95800018310547,1010,NA,US,US-NY,Dundee,no,,,38NY,38NY,,,
10675,3NK0,small_airport,Mc Kinney Airport,43.2030982971,-77.90249633790002,547,NA,US,US-NY,Brockport,no,,,3NK0,3NK0,,,
10679,3NK4,small_airport,Laska Airport,42.028193,-79.19765,1480,NA,US,US-NY,Jamestown,no,,,3NK4,3NK4,,,
10680,3NK5,small_airport,Secret Spot Airport,44.61669921875,-73.46530151367188,155,NA,US,US-NY,Plattsburgh,no,,,3NK5,3NK5,,,
10681,3NK6,small_airport,Tuscarora Plateau Airport,42.637001037597656,-77.88390350341797,900,NA,US,US-NY,Tuscarora,no,,,3NK6,3NK6,,,
10683,3NK8,small_airport,B Flat Farm Airport,42.14059829711914,-73.61190032958984,800,NA,US,US-NY,Copake,no,,,3NK8,3NK8,,,
10688,3NY0,small_airport,The Ranch Airport,42.827301,-74.403999,1110,NA,US,US-NY,Sprakers,no,,,3NY0,3NY0,,,
10691,3NY3,small_airport,De Ronda Airport,42.859798431396484,-74.82430267333984,1650,NA,US,US-NY,Springfield,no,,,3NY3,3NY3,,,
10693,3NY5,small_airport,Luke Airport,42.02370071411133,-75.95709991455078,1558,NA,US,US-NY,Binghamton,no,,,3NY5,3NY5,,,
10694,3NY6,small_airport,Six Ponds Airport,42.84120178222656,-74.17870330810547,1125,NA,US,US-NY,Duanesburg,no,,,3NY6,3NY6,,,
10695,3NY7,small_airport,Hiserts Airpark Inc Airport,42.984398,-74.519083,813,NA,US,US-NY,Ephratah,no,,,3NY7,3NY7,,,Eparatha
299708,41NK,small_airport,Winchell Mountain Airport,41.947778,-73.518055,1141,NA,US,US-NY,Millerton,no,,,41NK,41NK,,,
10966,41NY,small_airport,Bonebender Airport,44.312400817871094,-73.38490295410156,336,NA,US,US-NY,Essex,no,,,41NY,41NY,,,
11009,42NY,small_airport,Walter's Field,42.66899871826172,-76.05619812011719,1560,NA,US,US-NY,East Homer,no,,,42NY,42NY,,,
567703,44NK,small_airport,Bengtsson Field,42.464067,-74.385428,2078,NA,US,US-NY,Gilboa,no,,,44NK,44NK,,,
11092,44NY,small_airport,Tomcat Airport,42.93429946899414,-74.65239715576172,460,NA,US,US-NY,Fort Plain,no,,,44NY,44NY,,,
609842,45NK,small_airport,Negrich Field,43.128772,-74.264085,975,NA,US,US-NY,Mayfield,no,,,45NK,45NK,,,
11170,46N,small_airport,Sky Park Airport,41.9846,-73.835999,323,NA,US,US-NY,Red Hook,no,,,46N,46N,,https://en.wikipedia.org/wiki/Sky_Park_Airport,
11174,46NY,small_airport,Savannah Agri-Air Airport,43.018798828125,-76.76100158691406,465,NA,US,US-NY,Savannah,no,,,46NY,46NY,,,
11214,47NY,small_airport,Elk Creek Airport,42.04499816894531,-77.3499984741211,1540,NA,US,US-NY,Borden,no,,,47NY,47NY,,,
11296,49N,small_airport,Lufker Airport,40.824799,-72.7509,57,NA,US,US-NY,East Moriches,no,,,K49N,49N,,https://en.wikipedia.org/wiki/Lufker_Airport,O00
350111,49NK,small_airport,Trump MTN Airport,42.793259,-78.292372,1501,NA,US,US-NY,Attica,no,,,49NK,49NK,,,
11300,49NY,small_airport,Westmoreland Airport,41.055672,-72.360486,22,NA,US,US-NY,Shelter Island,no,,,49NY,49NY,,,
11358,4B0,small_airport,South Albany Airport,42.560699462890625,-73.83390045166016,196,NA,US,US-NY,South Bethlehem,no,,,4B0,4B0,,,
11359,4B1,small_airport,Duanesburg Airport,42.7584,-74.132896,710,NA,US,US-NY,Duanesburg,no,,,4B1,4B1,,https://en.wikipedia.org/wiki/Duanesburg_Airport,
11422,4G2,small_airport,Hamburg Inc Airport,42.70090103149414,-78.91480255126953,751,NA,US,US-NY,Hamburg,no,,,4G2,4G2,,,
11582,4N2,small_airport,Middlesex Valley Airport,42.713133,-77.27271,735,NA,US,US-NY,Middlesex,no,,,K4N2,4N2,,,
11584,4N7,small_airport,Greene Airport,42.30419921875,-75.78710174560547,935,NA,US,US-NY,Greene,no,,,4N7,4N7,,,
11618,4NK1,small_airport,B-Ville Airpark,43.144798278808594,-76.3113021850586,375,NA,US,US-NY,Baldwinsville,no,,,4NK1,4NK1,,,
45672,4NK2,small_airport,Tracy Field,43.145233,-73.41965,455,NA,US,US-NY,Greenwich,no,,,4NK2,4NK2,,,
11619,4NK3,small_airport,Evans Airways Airport,42.669911,-78.96831,940,NA,US,US-NY,Evans,no,,,4NK3,4NK3,,,
11620,4NK4,small_airport,Woodford Airfield,42.82720184326172,-76.02580261230469,1280,NA,US,US-NY,Fabius,no,,,4NK4,4NK4,,,
11621,4NK5,small_airport,Harvs Airport,43.101200103759766,-77.3677978515625,500,NA,US,US-NY,Macedon,no,,,4NK5,4NK5,,,
11626,4NY0,small_airport,Mountain View Airpark,44.66889953613281,-73.54620361328125,500,NA,US,US-NY,Beekmantown,no,,,4NY0,4NY0,,,
11627,4NY1,small_airport,Orange Poultry Farm Airport,41.32789993286133,-74.32460021972656,420,NA,US,US-NY,Chester,no,,,4NY1,4NY1,,,
11628,4NY2,seaplane_base,Edo Seaplane Base,40.783401,-73.866203,,NA,US,US-NY,College Point,no,,,4NY2,4NY2,,,
11629,4NY4,small_airport,Cross' Farm Airport,42.55950164794922,-73.77210235595703,55,NA,US,US-NY,Delmar,no,,,4NY4,4NY4,,,
11632,4NY8,small_airport,Harris Hill Gliderport,42.12089920043945,-76.9011001586914,1709,NA,US,US-NY,Elmira,no,,,4NY8,4NY8,,,
11847,50NY,small_airport,Old Fort Farm Airport,42.81449890136719,-77.57330322265625,1050,NA,US,US-NY,Hemlock,no,,,50NY,50NY,,,
11928,52NY,small_airport,Bedson's Land Base Airport,42.930599212646484,-77.64420318603516,804,NA,US,US-NY,Honeoye Falls,no,,,52NY,52NY,,,
11972,53NY,small_airport,Smiths Land Base Airport,42.95840072631836,-77.61579895019531,627,NA,US,US-NY,Honeoye Falls,no,,,53NY,53NY,,,
12059,55NY,small_airport,Ridgeview Airport,42.082456,-79.312096,1645,NA,US,US-NY,Jamestown,no,,,55NY,55NY,,,
12098,56NY,small_airport,Maynard's Airport,43.324857,-78.051548,342,NA,US,US-NY,Kendall,no,,,56NY,56NY,,,
12225,59NY,small_airport,Bent-Wing Airport,43.230821,-78.686485,370,NA,US,US-NY,Lockport,no,,,59NY,59NY,,,
12284,5B7,small_airport,Rensselaer County Airport,42.69089889526367,-73.57959747314453,440,NA,US,US-NY,Troy,no,,,5B7,5B7,,,
12358,5G0,small_airport,Le Roy Airport,42.9814,-77.9375,780,NA,US,US-NY,Le Roy,no,,,5G0,5G0,http://www.leroyairport.com/,https://en.wikipedia.org/wiki/Le_Roy_Airport,
12525,5N5,small_airport,Kirkwood Airpark,42.00040054321289,-75.76020050048828,870,NA,US,US-NY,Kirkwood,no,,,5N5,5N5,,,
12561,5NK0,small_airport,Salubrious Point Airport,44.0442008972168,-76.14360046386719,295,NA,US,US-NY,Chaumont,no,,,5NK0,5NK0,,,
12562,5NK1,small_airport,Toggenburg Farms Airport,43.111752,-77.052231,435,NA,US,US-NY,Newark,no,,,5NK1,5NK1,,,
12570,5NK9,small_airport,Treichler Farm Airport,42.76169967651367,-78.49610137939453,1140,NA,US,US-NY,Wales,no,,,5NK9,5NK9,,,
12572,5NY1,small_airport,Tomahawk Hills Airport,42.39979934692383,-74.90630340576172,2380,NA,US,US-NY,Meridale,no,,,5NY1,5NY1,,,
12575,5NY4,small_airport,Stanwix Heights Airport,43.15760040283203,-75.43070220947266,610,NA,US,US-NY,Rome,no,,,5NY4,5NY4,,,
12576,5NY5,small_airport,Gardiner Airport,41.66680145263672,-74.14959716796875,340,NA,US,US-NY,Gardiner,no,,,5NY5,5NY5,,,
12578,5NY7,small_airport,Rolling Hills Airport,41.32789993286133,-74.40989685058594,410,NA,US,US-NY,Goshen,no,,,5NY7,5NY7,,,
12914,63NY,small_airport,Shear Airport,43.2593,-78.9656,325,NA,US,US-NY,Youngstown,no,,,63NY,63NY,,,Ransomville
13001,65NY,small_airport,Chautauqua Lake Airpark,42.28390121459961,-79.44390106201172,1655,NA,US,US-NY,Mayville,no,,,65NY,65NY,,,
13038,66NY,small_airport,Maple Ridge Airport,43.20280075073242,-78.35389709472656,646,NA,US,US-NY,Medina,no,,,66NY,66NY,,,
13120,68NY,small_airport,Merrimac Farms Airport,42.750099182128906,-77.78389739990234,910,NA,US,US-NY,Mount Morris,no,,,68NY,68NY,,,
13201,6B4,small_airport,Frankfort-Highland Airport,43.016101,-75.169573,1325,NA,US,US-NY,Frankfort,no,,,K6B4,6B4,,https://en.wikipedia.org/wiki/Frankfort-Highland_Airport,
13406,6N6,seaplane_base,Evers Seaplane Base,40.84590148925781,-73.81620025634766,,NA,US,US-NY,New York,no,,,6N6,6N6,,,
13407,6N7,seaplane_base,New York Skyports Inc Seaplane Base,40.735061,-73.972814,,NA,US,US-NY,New York,yes,,NYS,,6N7,,https://en.wikipedia.org/wiki/New_York_Skyports_Inc._Seaplane_Base,QNY
13443,6NK,small_airport,Syracuse Suburban Airport,43.26499938964844,-76.1781005859375,400,NA,US,US-NY,Syracuse,no,,,6NK,6NK,,https://en.wikipedia.org/wiki/Syracuse_Suburban_Airport,
13444,6NK0,small_airport,Knapp Airport,42.595618,-74.820607,1300,NA,US,US-NY,Schenevus,no,,,6NK0,6NK0,,,
13446,6NK2,small_airport,Meerwarth Airport,42.950599670410156,-73.33470153808594,640,NA,US,US-NY,White Creek,no,,,6NK2,6NK2,,,
13448,6NK4,small_airport,TTT Air Airport,42.62946,-78.96506,891,NA,US,US-NY,North Collins,no,,,6NK4,6NK4,,,
13452,6NK8,small_airport,Flying K Airport,43.00979995727539,-76.6405029296875,1350,NA,US,US-NY,Oneida,no,,,6NK8,6NK8,,,
13454,6NY1,small_airport,Old Port Royal Airport,42.11289978027344,-77.08940124511719,1700,NA,US,US-NY,Corning,no,,,6NY1,6NY1,,,
13455,6NY2,small_airport,Omni Airpark,42.231998443603516,-76.8469009399414,970,NA,US,US-NY,Horseheads,no,,,6NY2,6NY2,,,
13456,6NY3,small_airport,Airy-Acres Airport,42.64400100708008,-76.72969818115234,805,NA,US,US-NY,Interlaken,no,,,6NY3,6NY3,,,
13457,6NY4,small_airport,West Township Airport,42.700401,-74.155098,1260,NA,US,US-NY,Delanson,no,,,6NY4,6NY4,,,
13459,6NY6,seaplane_base,Firemans White Lake Seaplane Base,41.68429946899414,-74.83159637451172,1323,NA,US,US-NY,Kauneonga Lake,no,,,6NY6,6NY6,,,
13460,6NY7,small_airport,Piolis Brookside Airport,41.86539840698242,-74.33290100097656,1060,NA,US,US-NY,Kerhonkson,no,,,6NY7,6NY7,,,
45673,73NY,small_airport,Olmstead Landing Strip,42.265767,-75.310033,1160,NA,US,US-NY,Masonville,no,,,73NY,73NY,,,
505751,74NK,small_airport,Sunside Airport,42.327207,-74.063501,360,NA,US,US-NY,Cairo,no,,,74NK,74NK,,,
13817,74NY,small_airport,New Salem Aerodrome,43.00559997558594,-77.29139709472656,660,NA,US,US-NY,Farmington,no,,,74NY,74NY,,,
13863,75NY,small_airport,Reiss Game Farm Airport,42.11669921875,-78.31559753417969,1698,NA,US,US-NY,Olean,no,,,75NY,75NY,,,
13943,78NY,small_airport,Flying F Airport,43.081362,-78.779447,582,NA,US,US-NY,Pendleton,no,,,,78NY,,,"77NY, Pendleton Airpark"
14023,79NY,small_airport,Smith Airport,43.087002,-78.811401,580,NA,US,US-NY,Pendleton,no,,,79NY,79NY,,,
14258,7N3,seaplane_base,Sands Point Seaplane Base,40.83760070800781,-73.71620178222656,,NA,US,US-NY,Port Washington,no,,,7N3,7N3,,https://en.wikipedia.org/wiki/Sands_Point_Seaplane_Base,
14295,7NK0,small_airport,Valley View Airport,42.64528,-74.390514,1160,NA,US,US-NY,Middleburgh,no,,,7NK0,7NK0,,,
14296,7NK1,small_airport,Deer Run Air Field,42.94309997558594,-75.75360107421875,1725,NA,US,US-NY,Nelson,no,,,7NK1,7NK1,,,
14298,7NK4,small_airport,Ridge Road West Airport,43.222599029541016,-77.81060028076172,400,NA,US,US-NY,Spenceport,no,,,7NK4,7NK4,,,
14300,7NK6,small_airport,Blueberry Field,42.29169845581055,-75.06670379638672,2100,NA,US,US-NY,Treadwell,no,,,7NK6,7NK6,,,
14301,7NK7,small_airport,Morin Airport,42.71329879760742,-75.88999938964844,1068,NA,US,US-NY,Sherburne,no,,,7NK7,7NK7,,,
14303,7NY0,small_airport,Campis Airport,41.68339920043945,-75.01629638671875,1200,NA,US,US-NY,Lake Huntington,no,,,7NY0,7NY0,,,
14304,7NY1,small_airport,Gar Field,42.76340103149414,-74.27850341796875,640,NA,US,US-NY,Esperance,no,,,7NY1,7NY1,,,
14307,7NY4,small_airport,Culver Airfield,42.42509841918945,-76.71499633789062,1455,NA,US,US-NY,Mecklenburg,no,,,7NY4,7NY4,,,
14309,7NY6,small_airport,Sherwood Farm Airport,42.893699645996094,-73.50789642333984,530,NA,US,US-NY,Johnsonville,no,,,7NY6,7NY6,,,
299714,82NY,small_airport,Silvernails Field,42.001389,-73.67111,571,NA,US,US-NY,Gallatin,no,,,82NY,82NY,,,
14653,84NY,small_airport,Skyview Airport,42.98619842529297,-77.61250305175781,642,NA,US,US-NY,Rush,no,,,84NY,84NY,,,
14688,85N,small_airport,Hollands International Field,43.254726,-78.76575,360,NA,US,US-NY,Newfane,no,,,85N,85N,,,
14693,85NY,small_airport,High Acres Airport,42.578399658203125,-78.5199966430664,1540,NA,US,US-NY,Sardinia,no,,,85NY,85NY,,,
14800,88NY,small_airport,Zelazny Airport,43.157798767089844,-78.3583984375,635,NA,US,US-NY,Shelby,no,,,88NY,88NY,,,
19113,89NY,small_airport,Maxson Airfield,44.312002,-75.90034,340,NA,US,US-NY,Alexandria Bay,no,,AXB,89NY,89NY,https://web.archive.org/web/20161108041600/http://www.maxsonairfield.com/,https://web.archive.org/web/20161229201702/https://en.wikipedia.org/wiki/Maxson_Airfield,89N
14924,8G3,small_airport,Giermek Executive Airport,42.06869888305664,-78.40450286865234,1420,NA,US,US-NY,Olean,no,,,8G3,8G3,,,
45554,8NK3,small_airport,Harris Airport,43.409669,-73.532732,261,NA,US,US-NY,Fort Ann,no,,,,83K,http://www.harrisairport.com/,,8NK3
15093,8NK4,small_airport,Bethany Airpark,42.94329833984375,-78.13829803466797,1000,NA,US,US-NY,Bethany Center,no,,,8NK4,8NK4,,,
45665,8NK6,small_airport,Suntime Airport,42.713056,-75.168333,1650,NA,US,US-NY,West Burlington,no,,,8NK6,8NK6,,,
321923,8NK8,seaplane_base,Mister Dog Seaplane Base,43.565,-73.6086112,360,NA,US,US-NY,Bolton Landing,no,,,8NK8,8NK8,,,
15097,8NY3,small_airport,North Fork Airport,42.268699645996094,-75.55970001220703,1455,NA,US,US-NY,Afton,no,,,8NY3,8NY3,,,
15098,8NY5,small_airport,Mariaville Aerodrome,42.819052,-74.14644,1260,NA,US,US-NY,Duanesburg,no,,,8NY5,8NY5,,,
345439,8NY8,small_airport,Hawks Field,43.048694,-75.292311,940,NA,US,US-NY,Utica,no,,,8NY8,8NY8,,,
46305,90NY,small_airport,Hopewell Airpark,42.919508,-77.242778,730,NA,US,US-NY,Canandaigua,no,,,90NY,90NY,,,
15322,91NY,small_airport,Manitou Field,43.19559860229492,-77.74810028076172,470,NA,US,US-NY,Spencerport,no,,,91NY,91NY,,,
15346,92G,small_airport,Midlakes Airport,42.812599182128906,-77.20390319824219,1080,NA,US,US-NY,Gorham,no,,,92G,92G,,,
15361,92NY,small_airport,Bloecher Farm Airport,42.752936,-78.462124,1430,NA,US,US-NY,Strykersville,no,,,92NY,92NY,,,
15414,94D,seaplane_base,Wells Seaplane Base,42.84980010986328,-73.90480041503906,210,NA,US,US-NY,Schenectady,no,,,94D,94D,,,
15429,94NY,small_airport,St Bernard Field,42.82509994506836,-76.69129943847656,540,NA,US,US-NY,Union Springs,no,,,94NY,94NY,,,
15462,95NY,small_airport,Cummings Airfield,42.7892,-78.476402,1280,NA,US,US-NY,Wales Center/Cowlesville/,no,,,95NY,95NY,,,Fisher Airport
15580,98NY,small_airport,Krenzers Airport,42.883399963378906,-77.53309631347656,1035,NA,US,US-NY,West Bloomfield,no,,,98NY,98NY,,,
15710,9G0,small_airport,Buffalo Airfield,42.862,-78.716599,670,NA,US,US-NY,Buffalo,no,,,9G0,9G0,,https://en.wikipedia.org/wiki/Buffalo_Airfield,
15712,9G5,small_airport,Royalton Airport,43.181999,-78.5578,628,NA,US,US-NY,Gasport,no,,,9G5,9G5,,https://en.wikipedia.org/wiki/Royalton_Airport,
15713,9G6,small_airport,Pine Hill Airport,43.173546,-78.275126,669,NA,US,US-NY,Albion,no,,,9G6,9G6,,https://en.wikipedia.org/wiki/Pine_Hill_Airport_(New_York),
322205,9NK4,small_airport,Greig Farm Airport,42.024318,-73.856292,215,NA,US,US-NY,Red Hook,no,,,9NK4,9NK4,,,
15874,9NY4,small_airport,Kennedy Airfield,42.100799560546875,-79.08180236816406,1760,NA,US,US-NY,Kennedy,no,,,9NY4,9NY4,,,
15876,9NY6,small_airport,Mason Airway Airport,42.324798583984375,-74.98629760742188,2170,NA,US,US-NY,Treadwell,no,,,9NY6,9NY6,,,
15877,9NY7,small_airport,Hart Airport,43.032452,-74.151013,925,NA,US,US-NY,Broadalbin,no,,,9NY7,9NY7,,,
16488,B01,small_airport,Granville Airport,43.42375183105469,-73.26919555664062,420,NA,US,US-NY,Granville,no,,,B01,B01,,,
16489,B04,small_airport,Garnseys Airport,43.067552,-73.583737,100,NA,US,US-NY,Schuylerville,no,,,KB04,B04,,https://en.wikipedia.org/wiki/Garnseys_Airport,
19598,D38,small_airport,Canandaigua Airport,42.908902,-77.325226,814,NA,US,US-NY,Ontario County IDA,no,,IUA,KIUA,IUA,https://flycanandaigua.com/,https://en.wikipedia.org/wiki/Canandaigua_Airport,Canandaigua Airport
17071,D43,small_airport,Hopewell Airpark,42.919498443603516,-77.2427978515625,730,NA,US,US-NY,Canandaigua,no,,,D43,D43,,,
17073,D51,small_airport,Clarence Aerodrome,43.06669998168945,-78.68309783935547,589,NA,US,US-NY,Buffalo,no,,,D51,D51,,,
17074,D52,small_airport,Geneseo Airport,42.79869842529297,-77.84249877929688,560,NA,US,US-NY,Geneseo,no,,,D52,D52,,,
17076,D59,small_airport,Gowanda Airport,42.501542,-78.950518,830,NA,US,US-NY,Gowanda,no,,,,D59,,,
17081,D67,small_airport,Creekside Airport,42.915191,-77.384474,820,NA,US,US-NY,Holcomb,no,,,NY95,NY95,,,D67
17088,D79,small_airport,Dart Airport,42.26810073852539,-79.48169708251953,1330,NA,US,US-NY,Mayville,no,,,D79,D79,,,
17089,D80,small_airport,Olcott-Newfane Airport,43.321712,-78.726033,315,NA,US,US-NY,Burt,no,,,D80,D80,,https://en.wikipedia.org/wiki/Olcott-Newfane_Airport,Fly Inn Lodge
17091,D82,small_airport,Ovid Airport,42.65480041503906,-76.79630279541016,1062,NA,US,US-NY,Ovid,no,,,D82,D82,,,
17092,D85,small_airport,Campbell Field,42.155334,-79.015757,1665,NA,US,US-NY,Randolph,no,,,85NK,85NK,,,"D85, Randolph Airport"
17093,D88,small_airport,Pratt's Eastern Divide Airport,42.149612,-79.684503,1640,NA,US,US-NY,Mina,no,,,KD88,D88,,,
17095,D91,small_airport,Spencerport Airpark,43.169498443603516,-77.81829833984375,614,NA,US,US-NY,Spencerport,no,,,D91,D91,,,
18308,K01G,small_airport,Perry-Warsaw Airport,42.741453,-78.052646,1559,NA,US,US-NY,Perry,no,,,K01G,01G,,https://en.wikipedia.org/wiki/Perry-Warsaw_Airport,
45557,K03,seaplane_base,Long Lake Sagamore Seaplane Base & Marina,43.969588,-74.427897,1629,NA,US,US-NY,Long Lake,no,,,,K03,,https://en.wikipedia.org/wiki/Long_Lake_Sagamore_Seaplane_Base,
18351,K0B8,small_airport,Elizabeth Field,41.252099,-72.032218,9,NA,US,US-NY,Fishers Island,no,,FID,K0B8,0B8,https://www.dot.ny.gov/divisions/operating/opdm/aviation/repository/air_dir2/Elizabeth-revised.pdf,"https://en.wikipedia.org/wiki/Elizabeth_Field_(Suffolk_County,_New_York)",
18365,K0G7,small_airport,Finger Lakes Regional Airport,42.883598,-76.782246,492,NA,US,US-NY,Seneca Falls,no,,,K0G7,0G7,,https://en.wikipedia.org/wiki/Finger_Lakes_Regional_Airport,
18451,K1B1,small_airport,Columbia County Airport,42.291302,-73.710297,198,NA,US,US-NY,Hudson,no,,HCC,K1B1,1B1,,https://en.wikipedia.org/wiki/Columbia_County_Airport,
18475,K1I5,small_airport,Freehold Airport,42.3643,-74.066002,440,NA,US,US-NY,Freehold,no,,,K1I5,1I5,,https://en.wikipedia.org/wiki/Freehold_Airport,
18527,K20N,small_airport,Kingston-Ulster Airport,41.985298,-73.964104,149,NA,US,US-NY,Kingston,no,,,K20N,20N,,https://en.wikipedia.org/wiki/Kingston%E2%80%93Ulster_Airport,
18531,K21,seaplane_base,Rouses Point Seaplane Base,44.991699,-73.363073,95,NA,US,US-NY,Rouses Point,no,,RSX,,,https://www.dot.ny.gov/divisions/operating/opdm/aviation/repository/air_dir2/Rouses-Point-revised.pdf,https://en.wikipedia.org/wiki/Rouses_Point_Seaplane_Base,"K21, NY47"
18540,K23,small_airport,Cooperstown-Westville Airport,42.629552,-74.890445,1260,NA,US,US-NY,Cooperstown,no,,COP,KK23,K23,,https://en.wikipedia.org/wiki/Cooperstown-Westville_Airport,
23471,K2N4,small_airport,Owasco Airport,42.736493,-76.486065,1378,NA,US,US-NY,Moravia,no,,,K2N4,2N4,,,"92NK, NY92, Y92"
18634,K30,small_airport,Heber Airpark,43.18339920043945,-73.6332015991211,230,NA,US,US-NY,Gansevoort,no,,,K30,K30,,,
18636,K31,small_airport,Sharon Airport,42.77840042114258,-74.57759857177734,1508,NA,US,US-NY,Sharon Springs,no,,,K31,K31,,,
18678,K3C8,small_airport,Calverton Executive Airpark,40.9151,-72.791901,75,NA,US,US-NY,Calverton,no,,CTO,3NY8,3NY8,,https://en.wikipedia.org/wiki/Calverton_Executive_Airpark,"3C8, Peconic River, Naval Weapons Industrial Reserve"
18778,K44N,small_airport,Sky Acres Airport,41.707401,-73.737999,698,NA,US,US-NY,Millbrook,no,,,44N,44N,,https://en.wikipedia.org/wiki/Sky_Acres_Airport,
18807,K4B6,small_airport,Ticonderoga Municipal Airport,43.8773,-73.413101,273,NA,US,US-NY,Ticonderoga,no,,,K4B6,4B6,,https://en.wikipedia.org/wiki/Ticonderoga_Municipal_Airport,
18808,K4B7,small_airport,Schroon Lake Airport,43.857886,-73.740577,830,NA,US,US-NY,Schroon Lake,no,,,,4B7,,https://en.wikipedia.org/wiki/Schroon_Lake_Airport,
18819,K4G6,small_airport,Hornell Municipal Airport,42.382139,-77.68211,1219,NA,US,US-NY,Hornell,no,,,KHTF,HTF,,https://en.wikipedia.org/wiki/Hornell_Municipal_Airport,4G6
18894,K5B2,small_airport,Saratoga County Airport,43.0513,-73.861198,434,NA,US,US-NY,Saratoga Springs,no,,,K5B2,5B2,,https://en.wikipedia.org/wiki/Saratoga_County_Airport,
18978,K6B9,small_airport,Skaneateles Aero Drome,42.914001,-76.440804,1038,NA,US,US-NY,Skaneateles,no,,,,6B9,,https://en.wikipedia.org/wiki/Skaneateles_Aerodrome,
19058,K7G0,small_airport,Ledgedale Airpark,43.181099,-77.915802,665,NA,US,US-NY,Brockport,no,,,K7G0,7G0,,https://en.wikipedia.org/wiki/Ledgedale_Airpark,
19074,K7N1,small_airport,Corning Painted Post Airport,42.1759,-77.112198,962,NA,US,US-NY,Corning,no,,,K7N1,7N1,,https://en.wikipedia.org/wiki/Corning%E2%80%93Painted_Post_Airport,
19190,K9G3,small_airport,Akron Airport/Jesson Field,43.021099,-78.482498,840,NA,US,US-NY,Akron,no,,,,9G3,http://www.christianairmen.com/,https://en.wikipedia.org/wiki/Akron_Airport,
3371,KALB,large_airport,Albany International Airport,42.748299,-73.801697,285,NA,US,US-NY,Albany,yes,KALB,ALB,KALB,ALB,http://www.albanyairport.com/,https://en.wikipedia.org/wiki/Albany_International_Airport,
3383,KART,medium_airport,Watertown International Airport,43.991901,-76.021698,325,NA,US,US-NY,Watertown,yes,KART,ART,KART,ART,,https://en.wikipedia.org/wiki/Watertown_International_Airport,
19346,KB16,small_airport,Whitfords Airport,43.080299,-76.538399,400,NA,US,US-NY,Weedsport,no,,,KB16,B16,,https://en.wikipedia.org/wiki/Whitford%27s_Airport,
3404,KBGM,medium_airport,Greater Binghamton/Edwin A Link field,42.20869827,-75.97979736,1636,NA,US,US-NY,Binghamton,yes,KBGM,BGM,KBGM,BGM,http://binghamtonairport.com/,https://en.wikipedia.org/wiki/Greater_Binghamton_Airport,"Broome County Airport, Edwin A Link Field"
19405,KBQR,small_airport,Buffalo Lancaster Regional Airport,42.922298,-78.612297,750,NA,US,US-NY,Lancaster,no,,,KBQR,BQR,http://www.buffalolancaster.com/,https://en.wikipedia.org/wiki/Buffalo-Lancaster_Regional_Airport,
3431,KBUF,large_airport,Buffalo Niagara International Airport,42.940498,-78.732201,728,NA,US,US-NY,Buffalo,yes,KBUF,BUF,KBUF,BUF,https://www.buffaloairport.com/,https://en.wikipedia.org/wiki/Buffalo_Niagara_International_Airport,
19583,KCZG,small_airport,Tri Cities Airport,42.078499,-76.096296,833,NA,US,US-NY,Endicott,no,,,KCZG,CZG,http://www.tricities-airport.com/,https://en.wikipedia.org/wiki/Tri-Cities_Airport_(New_York),N17
19594,KD23,small_airport,Arcade Tri County Airport,42.565367,-78.424766,1745,NA,US,US-NY,Arcade,no,,,KD23,D23,,https://en.wikipedia.org/wiki/Arcade_Tri-County_Airport,
19633,KDKK,small_airport,Chautauqua County-Dunkirk Airport,42.49247,-79.273102,693,NA,US,US-NY,Dunkirk,no,KDKK,DKK,KDKK,DKK,,https://en.wikipedia.org/wiki/Chautauqua_County/Dunkirk_Airport,John J. Nalbone Field
19656,KDSV,small_airport,Dansville Municipal Airport,42.570545,-77.713273,662,NA,US,US-NY,Dansville,no,KDSV,DSV,KDSV,DSV,https://dansvillelibrary.org/community/dansville-airport/,https://en.wikipedia.org/wiki/Dansville_Municipal_Airport,
3510,KELM,medium_airport,Elmira Corning Regional Airport,42.1599006652832,-76.8916015625,954,NA,US,US-NY,Elmira/Corning,yes,KELM,ELM,KELM,ELM,,https://en.wikipedia.org/wiki/Elmira-Corning_Regional_Airport,
19754,KELZ,small_airport,Wellsville Municipal Airport - Tarantine Field,42.109501,-77.989998,2124,NA,US,US-NY,Wellsville,no,KELZ,ELZ,KELZ,ELZ,,https://en.wikipedia.org/wiki/Wellsville_Municipal_Airport,
19887,KFOK,small_airport,Francis S Gabreski Airport,40.8437004089,-72.6317977905,67,NA,US,US-NY,Westhampton Beach,no,KFOK,FOK,KFOK,FOK,http://www.suffolkcountyny.gov/Departments/EconomicDevelopmentandPlanning/FrancisSGabreskiAirport.aspx,https://en.wikipedia.org/wiki/Francis_S._Gabreski_Airport,"Suffolk County AFB, Suffolk County Airport"
3539,KFRG,medium_airport,Republic Airport,40.728576,-73.414267,82,NA,US,US-NY,East Farmingdale,no,KFRG,FRG,KFRG,FRG,http://www.republicairport.net/,https://en.wikipedia.org/wiki/Republic_Airport,Fairchild Flying Field
19919,KFZY,small_airport,Oswego County Airport,43.3508,-76.3881,475,NA,US,US-NY,Fulton,no,,,KFZY,FZY,,https://en.wikipedia.org/wiki/Oswego_County_Airport,
3554,KGFL,medium_airport,Floyd Bennett Memorial Airport,43.3412017822,-73.6102981567,328,NA,US,US-NY,Glens Falls,no,KGFL,GFL,KGFL,GFL,http://www.warrencountydpw.com/airport_07/,https://en.wikipedia.org/wiki/Floyd_Bennett_Memorial_Airport,
3570,KGTB,medium_airport,Wheeler Sack Army Air Field,44.055599,-75.719498,688,NA,US,US-NY,Fort Drum,no,KGTB,,KGTB,GTB,,https://en.wikipedia.org/wiki/Wheeler-Sack_Army_Airfield,
19987,KGVQ,small_airport,Genesee County Airport,43.0317,-78.167603,914,NA,US,US-NY,Batavia,no,,,KGVQ,GVQ,,https://en.wikipedia.org/wiki/Genesee_County_Airport,
3589,KHPN,medium_airport,Westchester County Airport,41.06700134277344,-73.70760345458984,439,NA,US,US-NY,White Plains,yes,KHPN,HPN,KHPN,HPN,,https://en.wikipedia.org/wiki/Westchester_County_Airport,"Manhattan, New York City, NYC"
20093,KHTO,small_airport,Town of East Hampton Airport,40.959954,-72.25105,55,NA,US,US-NY,East Hampton,no,KJPX,HTO,KJPX,JPX,http://www.town.east-hampton.ny.us/htmlpages/Airport/AirportHome.htm,https://en.wikipedia.org/wiki/East_Hampton_Airport,"KHTO, HTO"
20104,KHWV,small_airport,Brookhaven Calabro Airport,40.821899,-72.8694,81,NA,US,US-NY,Shirley,no,KHWV,WSH,KHWV,HWV,,https://en.wikipedia.org/wiki/Brookhaven_Airport,
3603,KIAG,medium_airport,Niagara Falls International Airport,43.1073,-78.946198,589,NA,US,US-NY,Niagara Falls,yes,KIAG,IAG,KIAG,IAG,https://www.niagarafallsairport.com/,https://en.wikipedia.org/wiki/Niagara_Falls_International_Airport,
3616,KISP,medium_airport,Long Island MacArthur Airport,40.796324,-73.101703,99,NA,US,US-NY,Islip,yes,KISP,ISP,KISP,ISP,https://flymacarthur.com,https://en.wikipedia.org/wiki/Long_Island_MacArthur_Airport,Islip Airport
20193,KITH,medium_airport,Ithaca Tompkins Regional Airport,42.49100112915039,-76.4583969116211,1099,NA,US,US-NY,Ithaca,yes,KITH,ITH,KITH,ITH,,https://en.wikipedia.org/wiki/Ithaca_Tompkins_Regional_Airport,
3622,KJFK,large_airport,John F. Kennedy International Airport,40.639447,-73.779317,13,NA,US,US-NY,New York,yes,KJFK,JFK,KJFK,JFK,https://www.jfkairport.com/,https://en.wikipedia.org/wiki/John_F._Kennedy_International_Airport,"Manhattan, New York City, NYC, Idlewild, IDL, KIDL"
20213,KJHW,medium_airport,Chautauqua County-Jamestown Airport,42.15425,-79.254008,1723,NA,US,US-NY,Jamestown,no,KJHW,JHW,KJHW,JHW,,https://en.wikipedia.org/wiki/Chautauqua_County-Jamestown_Airport,
20239,KK09,small_airport,Piseco Airport,43.453399658203125,-74.5176010131836,1703,NA,US,US-NY,Piseco,no,,,KK09,K09,,https://en.wikipedia.org/wiki/Piseco_Airport,
20241,KK16,small_airport,Becks Grove Airport,43.250334,-75.606194,450,NA,US,US-NY,Rome,no,,,KK16,K16,,https://en.wikipedia.org/wiki/Becks_Grove_Airport,
3643,KLGA,large_airport,LaGuardia Airport,40.777199,-73.872597,21,NA,US,US-NY,New York,yes,KLGA,LGA,KLGA,LGA,https://www.laguardiaairport.com/,https://en.wikipedia.org/wiki/LaGuardia_Airport,"Manhattan, New York City, NYC, Glenn H. Curtiss Airport, North Beach Airport, La Guardia"
20348,KLKP,small_airport,Lake Placid Airport,44.2644996643,-73.96189880370001,1747,NA,US,US-NY,Lake Placid,no,KLKP,LKP,KLKP,LKP,,https://en.wikipedia.org/wiki/Lake_Placid_Airport,
20471,KMAL,small_airport,Malone Dufort Airport,44.853699,-74.328903,790,NA,US,US-NY,Malone,no,,,KMAL,MAL,,https://en.wikipedia.org/wiki/Malone-Dufort_Airport,
20499,KMGJ,small_airport,Orange County Airport,41.50999832,-74.26460266,364,NA,US,US-NY,Montgomery,no,KMGJ,MGJ,KMGJ,MGJ,http://www.orangecountygov.com/content/124/1354/default.aspx,https://en.wikipedia.org/wiki/Orange_County_Airport_(New_York),
3710,KMSS,medium_airport,Massena International Airport Richards Field,44.936157,-74.844304,215,NA,US,US-NY,Massena,yes,KMSS,MSS,KMSS,MSS,http://www.massenaworks.com/town/airport.asp,https://en.wikipedia.org/wiki/Massena_International_Airport,
20563,KMSV,small_airport,Sullivan County International Airport,41.701596,-74.794997,1403,NA,US,US-NY,Monticello,no,KMSV,MSV,KMSV,MSV,http://sullivanny.us/Departments/Airport,https://en.wikipedia.org/wiki/Sullivan_County_International_Airport,
20567,KMTP,small_airport,Montauk Airport,41.0765,-71.920797,6,NA,US,US-NY,Montauk,yes,KMTP,MTP,KMTP,MTP,http://www.themontaukairport.com/,https://en.wikipedia.org/wiki/Montauk_Airport,
20596,KN03,small_airport,Cortland County Chase Field,42.59260178,-76.21489716,1198,NA,US,US-NY,Cortland,no,,CTX,KN03,N03,,https://en.wikipedia.org/wiki/Cortland_County_Airport,
20602,KN23,small_airport,Sidney Municipal Airport,42.302600860596,-75.416000366211,1027,NA,US,US-NY,Sidney,no,,SXY,N23,N23,,https://en.wikipedia.org/wiki/Sidney_Municipal_Airport_(New_York),
20606,KN37,small_airport,Monticello Airport,41.622501,-74.701302,1545,NA,US,US-NY,Monticello,no,,,KN37,N37,,https://en.wikipedia.org/wiki/Monticello_Airport_(New_York),
20616,KN66,small_airport,Albert S Nader Regional Airport,42.5247,-75.0644,1763,NA,US,US-NY,Oneonta,no,,ONH,,N66,,https://en.wikipedia.org/wiki/Oneonta_Municipal_Airport,Oneonta Municipal
20625,KN82,small_airport,Wurtsboro-Sullivan County Airport,41.597991,-74.459467,560,NA,US,US-NY,Wurtsboro,no,,,,N82,,https://en.wikipedia.org/wiki/Wurtsboro%E2%80%93Sullivan_County_Airport,
20627,KN89,small_airport,Joseph Y Resnick Airport,41.728773,-74.376923,292,NA,US,US-NY,Ellenville,no,,,KN89,N89,,https://en.wikipedia.org/wiki/Joseph_Y._Resnick_Airport,
20667,KNY0,small_airport,Fulton County Airport,42.998199,-74.329597,881,NA,US,US-NY,Johnstown,no,,,KNY0,NY0,,https://en.wikipedia.org/wiki/Fulton_County_Airport_(New_York),Fulco
20668,KNY2,small_airport,Camillus Airport,43.085376,-76.295199,405,NA,US,US-NY,Warners,no,,,NY25,NY25,,,NY2
20727,KOGS,medium_airport,Ogdensburg International Airport,44.6819,-75.4655,297,NA,US,US-NY,Ogdensburg,yes,KOGS,OGS,KOGS,OGS,https://ogsair.com/,https://en.wikipedia.org/wiki/Ogdensburg_International_Airport,
20728,KOIC,small_airport,Lt Warren Eaton Airport,42.566600799561,-75.524101257324,1025,NA,US,US-NY,Norwich,no,KOIC,OIC,KOIC,OIC,http://www.co.chenango.ny.us/airport/,https://en.wikipedia.org/wiki/Lt._Warren_Eaton_Airport,
20738,KOLE,small_airport,Cattaraugus County-Olean Airport,42.241199,-78.371399,2135,NA,US,US-NY,Olean,no,KOLE,OLE,KOLE,OLE,,https://en.wikipedia.org/wiki/Cattaraugus_County-Olean_Airport,
20808,KPBG,medium_airport,Plattsburgh International Airport,44.650902,-73.468102,234,NA,US,US-NY,Plattsburgh,yes,KPBG,PBG,KPBG,PBG,http://www.plattsburghinternationalairport.com/,https://en.wikipedia.org/wiki/Plattsburgh_International_Airport,Plattsburgh Air Force Base
20817,KPEO,small_airport,Penn Yan Airport,42.6371,-77.052902,990,NA,US,US-NY,Penn Yan,no,,,KPEO,PEO,,https://en.wikipedia.org/wiki/Penn_Yan_Airport,
3786,KPOU,medium_airport,Dutchess County Airport,41.6265983581543,-73.88420104980469,165,NA,US,US-NY,Poughkeepsie,no,KPOU,POU,KPOU,POU,,https://en.wikipedia.org/wiki/Dutchess_County_Airport,
20876,KPTD,small_airport,Potsdam Municipal Airport Damon Field,44.67657,-74.948583,474,NA,US,US-NY,Potsdam,no,,,KPTD,PTD,,https://en.wikipedia.org/wiki/Potsdam_Municipal_Airport,
20940,KRME,medium_airport,Griffiss International Airport,43.23379898,-75.40699768,504,NA,US,US-NY,Rome,no,KRME,RME,KRME,RME,http://www.ocgov.net/oneida/airport,https://en.wikipedia.org/wiki/Griffiss_Airfield,
3855,KROC,large_airport,Frederick Douglass Greater Rochester International Airport,43.1189,-77.672401,559,NA,US,US-NY,Rochester,yes,KROC,ROC,KROC,ROC,https://rocairport.com/,https://en.wikipedia.org/wiki/Greater_Rochester_International_Airport,
3871,KSCH,medium_airport,Schenectady County Airport,42.852500915527,-73.928901672363,378,NA,US,US-NY,Schenectady,no,KSCH,SCH,KSCH,SCH,http://www.schenectadycounty.com/FullStory.aspx?m=100&amid=432,https://en.wikipedia.org/wiki/Schenectady_County_Airport,
18698,KSDC,small_airport,Williamson Sodus Airport,43.234573,-77.119403,424,NA,US,US-NY,Williamson/Sodus,no,,,KSDC,SDC,,https://en.wikipedia.org/wiki/Williamson%E2%80%93Sodus_Airport,3G7
3890,KSLK,medium_airport,Adirondack Regional Airport,44.38691,-74.204629,1663,NA,US,US-NY,Saranac Lake,yes,KSLK,SLK,KSLK,SLK,,https://en.wikipedia.org/wiki/Adirondack_Regional_Airport,
3911,KSWF,medium_airport,New York Stewart International Airport,41.50421,-74.108901,491,NA,US,US-NY,Newburgh,yes,KSWF,SWF,KSWF,SWF,https://www.swfny.com/,https://en.wikipedia.org/wiki/Stewart_International_Airport,
3913,KSYR,large_airport,Syracuse Hancock International Airport,43.11119842529297,-76.1063003540039,421,NA,US,US-NY,Syracuse,yes,KSYR,SYR,KSYR,SYR,http://www.syrairport.org/,https://en.wikipedia.org/wiki/Syracuse_Hancock_International_Airport,
20008,KVGC,small_airport,Hamilton Municipal Airport,42.8438,-75.561401,1137,NA,US,US-NY,Hamilton,no,,,KVGC,VGC,,https://en.wikipedia.org/wiki/Hamilton_Municipal_Airport_(New_York),Formerly H30
22669,N25,small_airport,Blue Heron Airport,42.6973,-74.1996,1200,NA,US,US-NY,Delanson,no,,,,N25,,https://en.wikipedia.org/wiki/Blue_Heron_Airport,Flying K Ranch
22678,N45,small_airport,Kobelt Airport,41.627899,-74.133797,420,NA,US,US-NY,Wallkill,no,,,N45,N45,,https://en.wikipedia.org/wiki/Kobelt_Airport,
22682,N56,small_airport,Great Valley Airport,42.205101,-78.647202,1450,NA,US,US-NY,Great Valley,no,,,N56,N56,,https://en.wikipedia.org/wiki/Great_Valley_Airport,
22685,N65,small_airport,Apex Airport,42.7295,-74.164001,1130,NA,US,US-NY,Delanson,no,,,65NK,65NK,,,"N65, Knox"
22686,N72,small_airport,Warwick Municipal Airport,41.287601470947266,-74.28710174560547,540,NA,US,US-NY,Warwick,no,,,N72,N72,,https://en.wikipedia.org/wiki/Warwick_Municipal_Airport,
23144,NK0,seaplane_base,Maus Marineland Seaplane Base,42.810298919677734,-76.31079864501953,863,NA,US,US-NY,New Hope,no,,,NK0,NK0,,,
23145,NK01,small_airport,Countryman's Landing Strip,43.9995002746582,-75.60489654541016,790,NA,US,US-NY,Carthage,no,,,NK01,NK01,,,
23146,NK04,small_airport,Shepard Airport,43.250099182128906,-75.99960327148438,463,NA,US,US-NY,Constantia,no,,,NK04,NK04,,,
23147,NK05,small_airport,Tom N' Jerry Airport,42.354801177978516,-76.51609802246094,1490,NA,US,US-NY,Danby,no,,,NK05,NK05,,,
23149,NK07,small_airport,Big Island Airport,41.32789993286133,-74.40989685058594,410,NA,US,US-NY,Goshen,no,,,NK07,NK07,,,
23150,NK08,small_airport,Sheeley's Farm Airport,41.8317985534668,-74.12989807128906,260,NA,US,US-NY,High Falls,no,,,NK08,NK08,,,
23151,NK09,small_airport,Eagle Ridge Airport,42.405999,-76.820011,1480,NA,US,US-NY,Burdett,no,,,NK09,NK09,,,
23155,NK13,seaplane_base,Snyder's Lake Seaplane Base,42.65840148925781,-73.63849639892578,488,NA,US,US-NY,Wynantskill,no,,,NK13,NK13,,,
23157,NK15,seaplane_base,Seventh Lake Seaplane Base,43.742801666259766,-74.76190185546875,1785,NA,US,US-NY,Inlet,no,,,NK15,NK15,,,
23158,NK16,small_airport,Hendricks Field,44.368099,-75.402397,480,NA,US,US-NY,Gouverneur,no,,,NK16,NK16,,https://en.wikipedia.org/wiki/Hendricks_Field_(New_York),
45674,NK17,small_airport,August Field,43.209361,-73.581711,131,NA,US,US-NY,Gansevoort,no,,,NK17,NK17,,,
23159,NK19,small_airport,Potoczak Airport,43.06119918823242,-78.6613998413086,582,NA,US,US-NY,Clarence Center,no,,,NK19,NK19,,,
23161,NK24,small_airport,Tilden Airport,42.34775,-76.87035,900,NA,US,US-NY,Montour Falls,no,,,NK24,NK24,,,
23162,NK25,small_airport,Cambria Airport,43.194157,-78.799381,380,NA,US,US-NY,Lockport,no,,,NK25,NK25,,,
45660,NK26,small_airport,Old Forge Airport,43.725183,-74.976217,1753,NA,US,US-NY,Old Forge,no,,,NK26,NK26,,https://en.wikipedia.org/wiki/Old_Forge_Airport,
23163,NK27,small_airport,Hedge Hop Field,42.488666,-78.634923,1400,NA,US,US-NY,Springville,no,,,NK27,NK27,,,
23166,NK30,seaplane_base,Private Sealanes-Jamaica Bay Seaplane Base,40.60530090332031,-73.90229797363281,,NA,US,US-NY,Brooklyn,no,,,NK30,NK30,,,
23167,NK31,small_airport,Dawn Patrol Aviation Airport,43.269500732421875,-78.14530181884766,480,NA,US,US-NY,Albion,no,,,NK31,NK31,,,
537519,NK35,small_airport,Mariwill Airport,42.756528,-76.44375,1130,NA,US,US-NY,Moravia,no,,,NK35,NK35,,,
23177,NK43,small_airport,Jerry Phibbs Airport,42.753296,-73.916528,340,NA,US,US-NY,Schenectady,no,,,NK43,NK43,,,
23184,NK53,small_airport,Dodge/Coppola/Wheeler Airport,42.20560073852539,-76.77050018310547,1030,NA,US,US-NY,Sullivanville,no,,,NK53,NK53,,,
23185,NK54,small_airport,Matejka Field,42.176700592041016,-76.64109802246094,1690,NA,US,US-NY,Erin,no,,,NK54,NK54,,,
23196,NK68,small_airport,White Birch Airport,42.051627,-75.316823,1860,NA,US,US-NY,Hancock,no,,,NK68,NK68,,,White Birch Field
23197,NK71,small_airport,Marcellus Airport,43.011199951171875,-76.34970092773438,850,NA,US,US-NY,Marcellus,no,,,NK71,NK71,,,
23198,NK72,small_airport,Henion Private Field Airport,42.376029,-76.531938,1386,NA,US,US-NY,Danby,no,,,NK72,NK72,,,James Henion Private Field
23200,NK74,small_airport,Match Mate Airport,42.74449920654297,-76.6635971069336,840,NA,US,US-NY,Aurora,no,,,NK74,NK74,,,
23202,NK76,small_airport,Grammar Airport,42.88249969482422,-77.05169677734375,755,NA,US,US-NY,Geneva,no,,,NK76,NK76,,,
23205,NK79,small_airport,Lewis Landing Airport,41.406667,-74.533056,880,NA,US,US-NY,Slate Hill,no,,,NK79,NK79,,,
23213,NK87,small_airport,Merkle Airport,43.06669998168945,-78.59970092773438,590,NA,US,US-NY,Clarence Center,no,,,NK87,NK87,,,
23214,NK89,small_airport,Ultralight Flight Farm Ultralightport,42.29169845581055,-77.05799865722656,1200,NA,US,US-NY,Monterey,no,,,NK89,NK89,,,
23216,NK91,small_airport,Boyle's Landing Airport,42.816200256347656,-74.62460327148438,1300,NA,US,US-NY,Sharon Springs,no,,,NK91,NK91,,,
23381,NY00,small_airport,Basher Field,42.567052,-78.557739,1855,NA,US,US-NY,Sardinia,no,,,NY00,NY00,,,
23382,NY01,small_airport,Knowlesville Airport,43.22090148925781,-78.31500244140625,555,NA,US,US-NY,Knowlesville,no,,,NY01,NY01,,,
23383,NY02,small_airport,Mountain Top Airport,42.487300872802734,-74.78019714355469,1960,NA,US,US-NY,Davenport,no,,,NY02,NY02,,,
23386,NY05,small_airport,Hogan Airport,42.78150177001953,-74.32569885253906,1260,NA,US,US-NY,Esperance,no,,,NY05,NY05,,,
23387,NY06,small_airport,Gaines Valley Aviation Airport,43.2963981628418,-78.21389770507812,380,NA,US,US-NY,Albion,no,,,NY06,NY06,,,
23388,NY07,small_airport,Hurlbut Field,44.545799255371094,-75.16110229492188,500,NA,US,US-NY,Canton,no,,,NY07,NY07,,,
23391,NY1,small_airport,Kline Kill Airport,42.350101470947266,-73.63710021972656,380,NA,US,US-NY,Ghent,no,,,NY1,NY1,,,
23392,NY10,small_airport,Duflo Airport,43.84260177612305,-75.43070220947266,789,NA,US,US-NY,New Bremen,no,,,NY10,NY10,,,
23393,NY11,small_airport,Lakestone Farm Airport,43.035301208496094,-77.30799865722656,520,NA,US,US-NY,Macedon,no,,,NY11,NY11,,,
23395,NY13,small_airport,D'Amico Airport,43.0908,-76.98864,515,NA,US,US-NY,Lyons,no,,,NY13,NY13,,,
23397,NY15,small_airport,Lakeville Airport,42.8265,-77.714401,935,NA,US,US-NY,Lakeville,no,,,NY15,NY15,,,Hannas Acres
23398,NY16,small_airport,Oak Ridge Airport,43.0984001159668,-77.18190002441406,540,NA,US,US-NY,East Palmyra,no,,,NY16,NY16,,,
23399,NY17,small_airport,Adirondack Airpark Estates Airport,44.601983,-73.853138,1352,NA,US,US-NY,Saranac,no,,,NY17,NY17,,,
23400,NY18,small_airport,Neno Airport,42.4487,-76.616897,1283,NA,US,US-NY,Ithaca,no,,,NY18,NY18,,,Neno International
23401,NY19,small_airport,Walls Airport,43.04399871826172,-76.46189880371094,610,NA,US,US-NY,Elbridge,no,,,NY19,NY19,,,
23402,NY20,small_airport,Nellis Field,42.962592,-74.681904,700,NA,US,US-NY,Fort Plain,no,,,NY20,NY20,,,
23405,NY23,small_airport,MAC Airport,42.987597,-74.966499,1210,NA,US,US-NY,Mohawk,no,,,NY23,NY23,,,Mohawk Aviation Center
23406,NY24,small_airport,Taylor Johnson Airport,43.12779998779297,-78.97000122070312,633,NA,US,US-NY,Niagara Falls,no,,,NY24,NY24,,,
23408,NY26,small_airport,Sky-Ranch Airport,42.983398,-74.899597,1330,NA,US,US-NY,Mohawk,no,,,NY26,NY26,,,
23409,NY27,small_airport,South Dayton Airport,42.37089920043945,-79.0094985961914,1300,NA,US,US-NY,South Dayton,no,,,NY27,NY27,,,
23410,NY28,small_airport,Anthonson Airport,43.070899963378906,-76.40799713134766,430,NA,US,US-NY,Jordan,no,,,NY28,NY28,,,
23411,NY29,small_airport,Schuyler Airport,42.451625,-76.912215,870,NA,US,US-NY,Watkins Glen,no,,,NY29,NY29,,,
23413,NY31,small_airport,Rabbit Lane Airport,43.22370147705078,-76.3687973022461,405,NA,US,US-NY,Phoenix,no,,,NY31,NY31,,,
23416,NY34,small_airport,Randall's Roost Airport,42.162200927734375,-77.42749786376953,1825,NA,US,US-NY,Cameron,no,,,NY34,NY34,,,
23417,NY35,small_airport,Stanton Airport,41.750099182128906,-74.11630249023438,303,NA,US,US-NY,New Paltz,no,,,NY35,NY35,,,
23419,NY37,small_airport,Galway Airport,43.00920104980469,-74.09120178222656,950,NA,US,US-NY,Galway,no,,,NY37,NY37,,,
23422,NY40,small_airport,Gentzke Aeronautical Park Airport,42.610599517822266,-78.59559631347656,1750,NA,US,US-NY,Holland,no,,,NY40,NY40,,,
23424,NY42,small_airport,Paradise Airport,43.219988,-76.68945,420,NA,US,US-NY,Red Creek,no,,,NY42,NY42,,,
23430,NY48,small_airport,Grace's Landing Airport,42.33810043334961,-74.7490005493164,1500,NA,US,US-NY,South Kortright,no,,,NY48,NY48,,,
23431,NY49,small_airport,Mesmer Airport,42.991523,-78.985764,600,NA,US,US-NY,Grand Island,no,,,NY49,NY49,,,
23432,NY50,small_airport,Johnson Airport,42.992144,-74.137459,760,NA,US,US-NY,Amsterdam,no,,,NY50,NY50,,,
23433,NY51,small_airport,Russell Airport,42.87009811401367,-74.49929809570312,700,NA,US,US-NY,Canajoharie,no,,,NY51,NY51,,,
23437,NY55,small_airport,Grund Field,42.44729995727539,-76.5969009399414,1453,NA,US,US-NY,Ithaca,no,,,NY55,NY55,,,
23438,NY57,small_airport,Remsen City Airport,43.36009979248047,-75.18460083007812,1220,NA,US,US-NY,Remsen,no,,,NY57,NY57,,,
23440,NY59,small_airport,Valenty Mierek Airport,43.387298583984375,-75.48629760742188,1220,NA,US,US-NY,Ava,no,,,NY59,NY59,,,
23442,NY61,seaplane_base,Eagle Nest Seaplane Base,43.82979965209961,-74.49539947509766,1790,NA,US,US-NY,Blue Mountain Lake,no,,,NY61,NY61,,,
23443,NY62,small_airport,Curtis Airport,43.144419,-75.548757,535,NA,US,US-NY,Verona,no,,,NY62,NY62,,,
23444,NY63,small_airport,Archdale Meadows Airport,43.05438,-73.47197,584,NA,US,US-NY,Greenwich,no,,,NY63,NY63,,,
23445,NY64,small_airport,The Pines Airport,43.102901458740234,-74.15509796142578,850,NA,US,US-NY,Broadalbin,no,,,NY64,NY64,,,
23447,NY66,small_airport,Lewis Field,43.128532,-74.124758,900,NA,US,US-NY,Broadalbin,no,,,NY66,NY66,,,The Farm Airport
23448,NY67,small_airport,Carter Flight Park Ultralightport,42.993099212646484,-75.91169738769531,1301,NA,US,US-NY,Manlius,no,,,NY67,NY67,,,
23449,NY68,small_airport,Richfield Airport,42.86119842529297,-74.94539642333984,1450,NA,US,US-NY,Richfield Springs,no,,,NY68,NY68,,,
23450,NY69,small_airport,John Gonzales Field,44.12009811401367,-76.30130004882812,260,NA,US,US-NY,Cape Vincent,no,,,NY69,NY69,,,
45663,NY70,small_airport,Scott'S Sky Ranch Airport,42.648889,-77.920278,1221,NA,US,US-NY,Mount Morris,no,,,NY70,NY70,,,
23452,NY72,small_airport,Poolsbrook Aerodrome,43.07229995727539,-75.9384994506836,500,NA,US,US-NY,Manlius,no,,,NY72,NY72,,,
23453,NY73,small_airport,Miller Field,42.31809997558594,-75.5990982055664,1580,NA,US,US-NY,Coventryville,no,,,NY73,NY73,,,
23454,NY74,small_airport,Deer Run Airport,42.323699951171875,-73.87319946289062,320,NA,US,US-NY,Coxsackie,no,,,NY74,NY74,,,
23455,NY76,small_airport,Neverland Airport,42.31566619873047,-78.89533233642578,1901,NA,US,US-NY,Cattaraugus,no,,,NY76,NY76,,,
23456,NY77,small_airport,Wandervogel Gliderport,42.718101501464844,-74.16349792480469,1260,NA,US,US-NY,Delanson,no,,,NY77,NY77,,,
23458,NY79,small_airport,Keysa Airport,42.59669876098633,-78.34030151367188,1620,NA,US,US-NY,Bliss,no,,,NY79,NY79,,,
23460,NY82,small_airport,Alexander Farm Airport,42.58060073852539,-73.61620330810547,525,NA,US,US-NY,East Schodack,no,,,NY82,NY82,,,
23461,NY83,seaplane_base,Essex Boatworks Seaplane Base,44.30009841918945,-73.34960174560547,95,NA,US,US-NY,Essex,no,,,NY83,NY83,,,
23465,NY87,small_airport,Amsterdam Airfield,42.96260070800781,-74.25370025634766,340,NA,US,US-NY,Fort Johnson,no,,,NY87,NY87,,,
23466,NY88,small_airport,Hickory Acres Airport,42.883399963378906,-74.69129943847656,970,NA,US,US-NY,Fort Plain,no,,,NY88,NY88,,,
23467,NY89,small_airport,Goose Creek Airport,42.078285,-79.393506,1350,NA,US,US-NY,Jamestown,no,,,NY89,NY89,,,Fairbank Farms
23468,NY9,seaplane_base,Long Lake /Helms Seaplane Base,43.975101,-74.420403,1629,NA,US,US-NY,Long Lake,no,,,,NY9,,https://en.wikipedia.org/wiki/Long_Lake_Helms_Seaplane_Base,NY33
23470,NY91,small_airport,Smithfield Airport,42.994026,-75.702774,1465,NA,US,US-NY,Peterboro,no,,,NY91,NY91,,,Cloverdale Farm
23472,NY94,small_airport,Old Rhinebeck Aerodrome,41.9715,-73.8629,323,NA,US,US-NY,Rhinebeck,no,,,NY94,NY94,http://www.oldrhinebeck.org/,https://en.wikipedia.org/wiki/Old_Rhinebeck_Aerodrome,
23473,NY96,small_airport,Mexico Airdrome Airport,43.426700592041016,-76.19380187988281,470,NA,US,US-NY,Mexico,no,,,NY96,NY96,,,
23474,NY97,small_airport,Northway Airport,44.66669845581055,-73.56620025634766,420,NA,US,US-NY,Morrisonville,no,,,NY97,NY97,,,
23988,PA17,small_airport,Canaan Field,42.002239,-77.096402,1600,NA,US,US-NY,Corning,no,,,NK12,NK12,,,"PA17, Canaan's Field, Lawrenceville, Lindley"
43102,US-0048,small_airport,Kohn Airport,42.138619,-76.384123,1140,NA,US,US-NY,Owego,no,,,,,,,
314189,US-0268,small_airport,Gardiners Island Landing Field,41.065245,-72.092242,22,NA,US,US-NY,East Hampton,no,,,,,,,
321928,US-0365,seaplane_base,Hut Haven Seaplane Base,43.337701,-76.726725,279,NA,US,US-NY,Fair Haven,no,,,77NY,77NY,,,"Dodge Haven SPB, Wolcott"
324820,US-0631,small_airport,Papp Airpark,43.251894,-73.563155,210,NA,US,US-NY,Fort Edward,no,,,16NY,16NY,,,
325494,US-0722,small_airport,T & C Acres Airport,42.883902,-74.931344,1566,NA,US,US-NY,Richard Springs,no,,,12NY,12NY,,,
325502,US-0728,small_airport,Turnbull Airport,42.895893,-77.397132,890,NA,US,US-NY,East Bloomfield,no,,,48NY,48NY,,,
325688,US-0759,small_airport,Oneida Lake Strip Airport,43.169055,-75.705722,380,NA,US,US-NY,Oneida,no,,,8NY7,8NY7,,,
325710,US-0767,small_airport,Klenawicus Airfield,41.071008,-72.327018,20,NA,US,US-NY,Shelter Island,no,,,NY03,NY03,,,
326182,US-0807,small_airport,M & M Airfield,43.183793,-75.401271,530,NA,US,US-NY,Rome,no,,,NY53,NY53,,,
327237,US-0857,small_airport,Hidden Hills Ranch Airport,43.109332,-77.239176,516,NA,US,US-NY,Palmyra,no,,,NY33,NY33,,,
328078,US-0890,small_airport,Miller Airport,43.155194,-75.785866,430,NA,US,US-NY,Canastota,no,,,3NY1,3NY1,,,
330499,US-1085,small_airport,Flying W Airport,42.783162,-75.165875,1420,NA,US,US-NY,Burlington Flats,no,,,,NY78,,,NY78
337594,US-2039,small_airport,Iwan Airfield,42.963776,-74.12556,773,NA,US,US-NY,Amsterdam,no,,,7NY8,7NY8,,,
342987,US-3566,small_airport,Accord Airport,41.80114,-74.21477,271,NA,US,US-NY,Accord,no,,,,,,,
343826,US-3857,small_airport,Black Pond Airfield,41.50696,-73.76138,716,NA,US,US-NY,Carmel Hamlet,no,,,,,,,"KOAU, Lake Carmel"
345832,US-4578,small_airport,Naked Acres Airport,42.986556,-77.650949,686,NA,US,US-NY,Rochester,no,,,NY78,NY78,,,
345876,US-4595,small_airport,Smithport Airport,43.05046,-75.22808,1148,NA,US,US-NY,Frankfort,no,,,,,,,
346197,US-4753,small_airport,R & R Aero Airport,42.721133,-78.186114,1650,NA,US,US-NY,Warsaw,no,,,,5R5,,,
346594,US-4853,small_airport,Pine View Airport,43.11553,-76.91067,400,NA,US,US-NY,Clyde,no,,,NY41,NY41,,,
347319,US-5028,small_airport,Wall Bridge Airport,42.88663,-75.99902,1383,NA,US,US-NY,Fabius,no,,,,,,,
347542,US-5113,small_airport,Valley View Airport,42.92137,-75.41403,1369,NA,US,US-NY,Waterville,no,,,,,,,
347843,US-5198,small_airport,Johnson Landing Strip,41.819096,-73.64321,900,NA,US,US-NY,Millbrook,no,,,11NY,11NY,,,
352244,US-52NK,small_airport,Collins Field,43.224244,-75.675528,381,NA,US,US-NY,Sylvan Beach,no,,,52NK,52NK,,,
349542,US-5661,seaplane_base,Knox Bay Seaplane Base,43.42704,-74.51613,1660,NA,US,US-NY,Piseco,no,,,,,,,
351218,US-6325,small_airport,Farnsworth Airport,43.1936,-76.88359,406,NA,US,US-NY,North Rose,no,,,,,,,
352781,US-6496,small_airport,Hamner Brook Airport,43.9981,-74.41847,1788,NA,US,US-NY,Long Lake,no,,,,,,,
430549,US-7169,small_airport,Flying Acres Airport,43.34701,-75.3579,856,NA,US,US-NY,Westernville,no,,,,,,,
430562,US-7182,small_airport,Stony Island Airport,43.89052,-76.32743,296,NA,US,US-NY,Hounsfield,no,,,,,,,
430563,US-7183,small_airport,Galloo Island Airport,43.9055,-76.39704,287,NA,US,US-NY,Hounsfield,no,,,,,,,
505062,US-7340,small_airport,Del Savio Airport,42.03866,-74.77601,2146,NA,US,US-NY,Andes,no,,,,,,,
505063,US-7341,small_airport,Skyhook Lodge Airport,42.37877,-76.53954,1141,NA,US,US-NY,Newfield,no,,,,,,,
505838,US-7461,small_airport,Sheldon Airport,42.76544,-78.46168,1400,NA,US,US-NY,Strykersville,no,,,,,,,
505839,US-7462,small_airport,[Duplicate] Sheldon Airport,42.76544,-78.46168,1400,NA,US,US-NY,Strykersville,no,,,,,,,
505840,US-7463,small_airport,Sheldon Airstrip,42.75795,-78.39325,1511,NA,US,US-NY,Strykersville,no,,,,,,,
511017,US-8008,small_airport,Para-Tech Airport,43.26045,-77.99195,397,NA,US,US-NY,Brockport,no,,,,,,,
516180,US-8256,small_airport,Palmer Airport,43.30841,-78.75472,318,NA,US,US-NY,Burt,no,,,,,,,
557986,US-9068,small_airport,Nautical Mile Airport,42.964158,-74.744811,725,NA,US,US-NY,Fort Plain,no,,,5NK6,5NK6,,,
558527,US-9083,small_airport,Hard Barn Cargas Farm Airport,42.222539,-79.327701,1687,NA,US,US-NY,Sinclairville,no,,,NY39,NY39,,,
562518,US-9117,small_airport,STOL Performance Airport,42.848894,-78.445456,1145,NA,US,US-NY,Bennington,no,,,NY75,NY75,,,
567492,US-9123,small_airport,Eagles Eye Airport,43.223969,-75.752622,402,NA,US,US-NY,North Bay,no,,,2NK5,2NK5,,,
25591,W57,small_airport,Round Lake Airport and Seaplane Base,42.92919921875,-73.770401000977,175,NA,US,US-NY,Round Lake,no,,,W57,W57,https://www.dot.ny.gov/divisions/operating/opdm/aviation/repository/air_dir2/Round-Lake-revised.pdf,,NY46
